session,individual,occasion,trapid
Ath,Ath1,3,Athct1
Ath,Ath22,3,Athct1
Ath,Ath6,13,Athct1
Ath,Ath3,14,Athct1
Ath,Ath2,24,Athct1
Ath,Ath2,33,Athct1
Ath,Ath4,36,Athct1
Ath,Ath6,31,Athct3
Ath,Ath1,7,Athct4
Ath,Ath6,12,Athct4
Ath,Ath28,12,Athct4
Ath,Ath6,15,Athct4
Ath,Ath7,46,Athct4
Ath,Ath6,3,Athct5
Ath,Ath28,8,Athct5
Ath,Ath2,11,Athct5
Ath,Ath2,16,Athct5
Ath,Ath8,16,Athct5
Ath,Ath1,22,Athct5
Ath,Ath1,24,Athct5
Ath,Ath8,24,Athct5
Ath,Ath9,24,Athct5
Ath,Ath11,24,Athct5
Ath,Ath18,24,Athct5
Ath,Ath29,36,Athct5
Ath,Ath10,4,Athct6
Ath,Ath10,45,Athct6
Ath,Ath11,3,Athct7
Ath,Ath10,8,Athct7
Ath,Ath3,24,Athct7
Ath,Ath3,35,Athct8
Ath,Ath8,19,Athct9
Ath,Ath16,19,Athct9
Ath,Ath12,23,Athct9
Ath,Ath23,24,Athct9
Ath,Ath13,25,Athct9
Ath,Ath8,26,Athct9
Ath,Ath14,26,Athct9
Ath,Ath14,29,Athct9
Ath,Ath6,46,Athct9
Ath,Ath15,2,Athct10
Ath,Ath16,2,Athct10
Ath,Ath11,4,Athct10
Ath,Ath15,6,Athct10
Ath,Ath10,7,Athct10
Ath,Ath16,14,Athct10
Ath,Ath30,18,Athct10
Ath,Ath10,20,Athct10
Ath,Ath8,21,Athct10
Ath,Ath4,35,Athct10
Ath,Ath1,37,Athct10
Ath,Ath8,37,Athct10
Ath,Ath16,39,Athct10
Ath,Ath11,47,Athct10
Ath,Ath1,17,Athct11
Ath,Ath2,19,Athct11
Ath,Ath17,6,Athct12
Ath,Ath1,39,Athct12
Ath,Ath7,39,Athct12
Ath,Ath8,42,Athct12
Ath,Ath18,47,Athct12
Ath,Ath6,3,Athct13
Ath,Ath21,5,Athct13
Ath,Ath1,30,Athct13
Ath,Ath5,15,Athct15
Ath,Ath6,17,Athct15
Ath,Ath18,3,Athct16
Ath,Ath25,17,Athct16
Ath,Ath11,3,Athct17
Ath,Ath25,4,Athct17
Ath,Ath16,5,Athct17
Ath,Ath18,12,Athct17
Ath,Ath9,20,Athct17
Ath,Ath16,12,Athct18
Ath,Ath6,22,Athct18
Ath,Ath20,21,Athct19
Ath,Ath27,9,Athct20
Ath,Ath31,14,Athct20
Ath,Ath10,19,Athct20
Ath,Ath9,21,Athct20
Ath,Ath27,24,Athct20
Ath,Ath8,4,Athct21
Ath,Ath29,15,Athct21
Ath,Ath10,7,Athct22
Ath,Ath18,27,Athct22
Ath,Ath18,31,Athct22
Ath,Ath10,5,Athct23
Ath,Ath19,14,Athct23
Ath,Ath33,3,Athct24
Ath,Ath24,30,Athct24
Ath,Ath6,43,Athct24
Ath,Ath24,22,Athct26
Ath,Ath20,5,Athct27
Ath,Ath13,6,Athct27
Ath,Ath8,28,Athct27
Ath,Ath23,43,Athct27
Ath,Ath4,44,Athct27
Ath,Ath8,3,Athct28
Ath,Ath6,4,Athct28
Ath,Ath5,5,Athct28
Ath,Ath6,7,Athct28
Ath,Ath22,7,Athct28
Ath,Ath16,8,Athct28
Ath,Ath18,8,Athct28
Ath,Ath3,23,Athct28
Ath,Ath21,23,Athct28
Ath,Ath28,39,Athct28
Ath,Ath17,1,Athct29
Ath,Ath22,2,Athct29
Ath,Ath27,20,Athct29
Ath,Ath23,25,Athct29
Ath,Ath20,28,Athct29
Ath,Ath3,29,Athct29
Ath,Ath3,30,Athct29
Ath,Ath15,31,Athct29
Ath,Ath3,36,Athct29
Ath,Ath23,3,Athct30
Ath,Ath18,17,Athct30
Ath,Ath18,42,Athct30
Ath,Ath18,1,Athct31
Ath,Ath18,7,Athct32
Ath,Ath27,8,Athct32
Ath,Ath23,23,Athct32
Ath,Ath27,29,Athct32
Ath,Ath24,6,Athct33
Ath,Ath25,12,Athct33
Ath,Ath24,20,Athct33
Ath,Ath33,30,Athct33
Ath,Ath33,43,Athct33
Ath,Ath25,44,Athct33
Ath,Ath11,45,Athct33
Ath,Ath25,45,Athct33
Ath,Ath33,47,Athct33
Ath,Ath9,11,Athct34
Ath,Ath15,12,Athct34
Ath,Ath18,24,Athct34
Ath,Ath21,36,Athct34
Ath,Ath24,36,Athct34
Ath,Ath26,36,Athct34
Ath,Ath25,37,Athct34
Ath,Ath25,38,Athct34
Ath,Ath24,39,Athct34
Ath,Ath24,40,Athct34
Ath,Ath25,3,Athct35
Ath,Ath9,20,Athct35
Ath,Ath18,23,Athct35
Ath,Ath27,24,Athct35
Ath,Ath3,26,Athct35
Ath,Ath6,32,Athct35
Ath,Ath17,32,Athct35
Ath,Ath27,40,Athct35
Ath,Ath34,47,Athct35
Ath,Ath8,2,Athct38
Ath,Ath8,4,Athct38
Ath,Ath17,5,Athct38
Ath,Ath10,8,Athct38
Ath,Ath24,16,Athct38
Ath,Ath12,1,Athct39
Ath,Ath32,1,Athct39
Ath,Ath14,12,Athct39
Ath,Ath11,17,Athct39
Ath,Ath27,33,Athct39
Ath,Ath9,38,Athct39
Ath,Ath25,42,Athct40
Din,Din1,13,Dinct5
Din,Din1,41,Dinct5
Din,Din3,4,Dinct11
Din,Din3,3,Dinct13
Din,Din2,5,Dinct13
Din,Din2,40,Dinct14
Din,Din2,12,Dinct15
Din,Din4,31,Dinct15
Din,Din2,17,Dinct17
Din,Din2,28,Dinct17
Din,Din5,31,Dinct17
Din,Din3,25,Dinct19
Din,Din5,49,Dinct20
Din,Din6,9,Dinct21
Din,Din6,31,Dinct21
Din,Din6,2,Dinct22
Din,Din4,5,Dinct22
Din,Din4,6,Dinct23
Din,Din6,11,Dinct23
Din,Din5,26,Dinct24
Din,Din4,8,Dinct25
Din,Din2,3,Dinct26
Din,Din7,4,Dinct26
Din,Din7,6,Dinct26
Din,Din5,10,Dinct26
Din,Din3,11,Dinct26
Din,Din3,20,Dinct26
Din,Din2,20,Dinct26
Din,Din2,26,Dinct26
Din,Din3,41,Dinct26
Din,Din6,41,Dinct26
Din,Din5,42,Dinct26
Din,Din6,43,Dinct26
Din,Din2,30,Dinct28
Din,Din7,18,Dinct29
Din,Din7,25,Dinct34
Ith,Ith3,14,Ithct1
Ith,Ith7,19,Ithct1
Ith,Ith4,27,Ithct1
Ith,Ith6,27,Ithct1
Ith,Ith7,28,Ithct1
Ith,Ith2,30,Ithct1
Ith,Ith6,30,Ithct1
Ith,Ith3,34,Ithct1
Ith,Ith6,34,Ithct1
Ith,Ith3,35,Ithct1
Ith,Ith6,37,Ithct1
Ith,Ith3,40,Ithct1
Ith,Ith3,43,Ithct1
Ith,Ith4,44,Ithct1
Ith,Ith2,4,Ithct2
Ith,Ith4,22,Ithct2
Ith,Ith7,27,Ithct2
Ith,Ith6,36,Ithct2
Ith,Ith6,38,Ithct2
Ith,Ith6,11,Ithct3
Ith,Ith8,38,Ithct3
Ith,Ith5,14,Ithct4
Ith,Ith13,7,Ithct5
Ith,Ith1,11,Ithct5
Ith,Ith5,20,Ithct5
Ith,Ith5,21,Ithct5
Ith,Ith5,31,Ithct5
Ith,Ith3,42,Ithct5
Ith,Ith3,16,Ithct6
Ith,Ith3,30,Ithct6
Ith,Ith2,31,Ithct7
Ith,Ith3,14,Ithct8
Ith,Ith2,14,Ithct9
Ith,Ith4,3,Ithct10
Ith,Ith3,5,Ithct10
Ith,Ith4,6,Ithct10
Ith,Ith6,19,Ithct10
Ith,Ith9,6,Ithct11
Ith,Ith4,5,Ithct12
Ith,Ith3,10,Ithct12
Ith,Ith5,11,Ithct12
Ith,Ith5,24,Ithct12
Ith,Ith3,28,Ithct12
Ith,Ith4,35,Ithct12
Ith,Ith3,42,Ithct12
Ith,Ith3,43,Ithct12
Ith,Ith3,4,Ithct13
Ith,Ith9,6,Ithct13
Ith,Ith4,11,Ithct13
Ith,Ith3,12,Ithct13
Ith,Ith5,12,Ithct14
Ith,Ith5,32,Ithct14
Ith,Ith3,35,Ithct14
Ith,Ith12,3,Ithct15
Ith,Ith4,37,Ithct15
Ith,Ith12,43,Ithct15
Ith,Ith4,5,Ithct16
Ith,Ith3,13,Ithct16
Ith,Ith5,18,Ithct16
Ith,Ith10,25,Ithct17
Ith,Ith5,7,Ithct18
Ith,Ith5,25,Ithct18
Ith,Ith1,42,Ithct18
Ith,Ith5,44,Ithct18
Ith,Ith5,39,Ithct19
Ith,Ith9,4,Ithct20
Ith,Ith7,20,Ithct20
Ith,Ith5,26,Ithct20
Ith,Ith5,30,Ithct20
Ith,Ith5,38,Ithct20
Ith,Ith5,18,Ithct21
Ith,Ith11,23,Ithct22
Ith,Ith5,7,Ithct23
Ith,Ith3,29,Ithct23
Ith,Ith11,4,Ithct25
Ith,Ith3,15,Ithct25
Ith,Ith11,21,Ithct25
Ith,Ith4,36,Ithct25
Ith,Ith1,3,Ithct26
Ith,Ith12,2,Ithct27
Ith,Ith1,3,Ithct27
Ith,Ith4,8,Ithct27
Ith,Ith11,34,Ithct27
Ith,Ith1,44,Ithct27
Ith,Ith9,5,Ithct29
Ith,Ith9,9,Ithct29
Ith,Ith4,12,Ithct29
Ith,Ith4,34,Ithct29
Ith,Ith4,44,Ithct29
Ith,Ith2,5,Ithct30
Ith,Ith4,25,Ithct30
Ith,Ith4,26,Ithct30
Kha,Kha24,25,Khact2
Kha,Kha5,41,Khact2
Kha,Kha2,3,Khact3
Kha,Kha24,6,Khact3
Kha,Kha6,11,Khact3
Kha,Kha8,15,Khact3
Kha,Kha1,19,Khact3
Kha,Kha1,25,Khact3
Kha,Kha1,29,Khact3
Kha,Kha3,33,Khact3
Kha,Kha4,34,Khact3
Kha,Kha6,34,Khact3
Kha,Kha6,35,Khact3
Kha,Kha7,35,Khact3
Kha,Kha7,39,Khact3
Kha,Kha8,39,Khact3
Kha,Kha8,41,Khact3
Kha,Kha4,43,Khact3
Kha,Kha6,43,Khact3
Kha,Kha10,5,Khact4
Kha,Kha1,35,Khact5
Kha,Kha4,1,Khact6
Kha,Kha38,12,Khact6
Kha,Kha2,13,Khact6
Kha,Kha3,18,Khact6
Kha,Kha2,26,Khact6
Kha,Kha6,28,Khact6
Kha,Kha3,31,Khact6
Kha,Kha6,38,Khact6
Kha,Kha1,44,Khact6
Kha,Kha4,13,Khact7
Kha,Kha4,15,Khact7
Kha,Kha2,1,Khact8
Kha,Kha10,21,Khact8
Kha,Kha6,36,Khact8
Kha,Kha9,44,Khact8
Kha,Kha11,1,Khact9
Kha,Kha6,2,Khact9
Kha,Kha11,2,Khact9
Kha,Kha15,3,Khact9
Kha,Kha23,4,Khact9
Kha,Kha23,6,Khact9
Kha,Kha3,8,Khact9
Kha,Kha24,15,Khact9
Kha,Kha27,16,Khact9
Kha,Kha3,19,Khact9
Kha,Kha6,19,Khact9
Kha,Kha17,19,Khact9
Kha,Kha11,23,Khact9
Kha,Kha24,23,Khact9
Kha,Kha3,25,Khact9
Kha,Kha3,30,Khact9
Kha,Kha23,30,Khact9
Kha,Kha4,34,Khact9
Kha,Kha3,35,Khact9
Kha,Kha3,37,Khact9
Kha,Kha13,39,Khact9
Kha,Kha6,40,Khact9
Kha,Kha12,27,Khact10
Kha,Kha23,30,Khact10
Kha,Kha19,31,Khact10
Kha,Kha6,36,Khact10
Kha,Kha6,41,Khact10
Kha,Kha11,41,Khact10
Kha,Kha44,1,Khact11
Kha,Kha4,3,Khact11
Kha,Kha14,3,Khact11
Kha,Kha15,3,Khact11
Kha,Kha13,4,Khact11
Kha,Kha15,4,Khact11
Kha,Kha3,6,Khact11
Kha,Kha22,9,Khact11
Kha,Kha13,12,Khact11
Kha,Kha15,15,Khact11
Kha,Kha22,16,Khact11
Kha,Kha19,17,Khact11
Kha,Kha19,18,Khact11
Kha,Kha20,19,Khact11
Kha,Kha4,20,Khact11
Kha,Kha24,24,Khact11
Kha,Kha33,25,Khact11
Kha,Kha15,27,Khact11
Kha,Kha22,31,Khact11
Kha,Kha20,35,Khact11
Kha,Kha25,35,Khact11
Kha,Kha18,38,Khact11
Kha,Kha16,40,Khact11
Kha,Kha17,40,Khact11
Kha,Kha18,40,Khact11
Kha,Kha22,40,Khact11
Kha,Kha25,40,Khact11
Kha,Kha22,42,Khact11
Kha,Kha17,43,Khact11
Kha,Kha23,43,Khact11
Kha,Kha17,44,Khact11
Kha,Kha24,44,Khact11
Kha,Kha22,41,Khact12
Kha,Kha4,12,Khact13
Kha,Kha20,44,Khact13
Kha,Kha21,1,Khact14
Kha,Kha9,7,Khact14
Kha,Kha23,19,Khact14
Kha,Kha17,20,Khact14
Kha,Kha29,22,Khact14
Kha,Kha22,36,Khact14
Kha,Kha16,24,Khact15
Kha,Kha23,2,Khact16
Kha,Kha24,3,Khact16
Kha,Kha18,4,Khact16
Kha,Kha19,6,Khact16
Kha,Kha24,6,Khact16
Kha,Kha9,8,Khact16
Kha,Kha12,8,Khact16
Kha,Kha19,8,Khact16
Kha,Kha24,8,Khact16
Kha,Kha19,13,Khact16
Kha,Kha18,14,Khact16
Kha,Kha33,14,Khact16
Kha,Kha23,19,Khact16
Kha,Kha19,22,Khact16
Kha,Kha25,22,Khact16
Kha,Kha44,22,Khact16
Kha,Kha24,24,Khact16
Kha,Kha43,24,Khact16
Kha,Kha19,25,Khact16
Kha,Kha13,26,Khact16
Kha,Kha44,26,Khact16
Kha,Kha19,30,Khact16
Kha,Kha24,30,Khact16
Kha,Kha42,41,Khact16
Kha,Kha42,42,Khact16
Kha,Kha25,44,Khact16
Kha,Kha9,5,Khact17
Kha,Kha4,8,Khact17
Kha,Kha9,16,Khact17
Kha,Kha33,35,Khact17
Kha,Kha20,33,Khact19
Kha,Kha15,34,Khact19
Kha,Kha42,34,Khact19
Kha,Kha4,1,Khact20
Kha,Kha26,24,Khact20
Kha,Kha30,30,Khact20
Kha,Kha14,43,Khact20
Kha,Kha17,43,Khact20
Kha,Kha27,19,Khact21
Kha,Kha39,19,Khact21
Kha,Kha17,22,Khact21
Kha,Kha27,26,Khact21
Kha,Kha13,27,Khact21
Kha,Kha11,34,Khact21
Kha,Kha13,36,Khact21
Kha,Kha11,41,Khact21
Kha,Kha12,17,Khact23
Kha,Kha6,19,Khact23
Kha,Kha28,19,Khact23
Kha,Kha23,33,Khact23
Kha,Kha38,36,Khact23
Kha,Kha30,1,Khact24
Kha,Kha6,3,Khact24
Kha,Kha46,20,Khact24
Kha,Kha17,25,Khact24
Kha,Kha6,27,Khact24
Kha,Kha20,20,Khact25
Kha,Kha27,28,Khact25
Kha,Kha29,32,Khact25
Kha,Kha28,1,Khact26
Kha,Kha30,1,Khact26
Kha,Kha28,2,Khact26
Kha,Kha31,8,Khact26
Kha,Kha46,11,Khact26
Kha,Kha29,12,Khact26
Kha,Kha30,13,Khact26
Kha,Kha37,16,Khact26
Kha,Kha23,24,Khact26
Kha,Kha31,28,Khact26
Kha,Kha24,30,Khact26
Kha,Kha24,32,Khact26
Kha,Kha27,39,Khact26
Kha,Kha32,1,Khact27
Kha,Kha31,2,Khact27
Kha,Kha23,9,Khact27
Kha,Kha29,13,Khact27
Kha,Kha24,14,Khact27
Kha,Kha31,24,Khact27
Kha,Kha30,30,Khact27
Kha,Kha32,30,Khact27
Kha,Kha20,33,Khact27
Kha,Kha35,10,Khact28
Kha,Kha31,16,Khact28
Kha,Kha31,26,Khact28
Kha,Kha33,31,Khact28
Kha,Kha33,25,Khact29
Kha,Kha33,26,Khact29
Kha,Kha33,29,Khact29
Kha,Kha9,30,Khact29
Kha,Kha33,35,Khact29
Kha,Kha17,39,Khact29
Kha,Kha19,6,Khact30
Kha,Kha27,42,Khact30
Kha,Kha15,3,Khact31
Kha,Kha34,6,Khact31
Kha,Kha34,10,Khact31
Kha,Kha21,13,Khact31
Kha,Kha24,13,Khact31
Kha,Kha34,13,Khact31
Kha,Kha21,14,Khact31
Kha,Kha25,20,Khact31
Kha,Kha15,21,Khact31
Kha,Kha6,22,Khact31
Kha,Kha15,22,Khact31
Kha,Kha24,23,Khact31
Kha,Kha34,24,Khact31
Kha,Kha37,27,Khact31
Kha,Kha42,27,Khact31
Kha,Kha35,34,Khact31
Kha,Kha34,36,Khact31
Kha,Kha36,37,Khact31
Kha,Kha26,39,Khact31
Kha,Kha15,40,Khact31
Kha,Kha25,8,Khact32
Kha,Kha24,21,Khact32
Kha,Kha38,28,Khact32
Kha,Kha25,29,Khact32
Kha,Kha24,40,Khact32
Kha,Kha35,40,Khact32
Kha,Kha36,5,Khact33
Kha,Kha23,6,Khact33
Kha,Kha40,6,Khact33
Kha,Kha45,18,Khact33
Kha,Kha26,22,Khact33
Kha,Kha15,23,Khact33
Kha,Kha37,24,Khact33
Kha,Kha25,25,Khact33
Kha,Kha4,27,Khact33
Kha,Kha1,32,Khact33
Kha,Kha24,35,Khact33
Kha,Kha37,37,Khact33
Kha,Kha26,41,Khact33
Kha,Kha23,43,Khact33
Kha,Kha41,6,Khact34
Kha,Kha24,7,Khact34
Kha,Kha24,11,Khact34
Kha,Kha25,32,Khact35
Kha,Kha4,1,Khact36
Kha,Kha23,2,Khact36
Kha,Kha38,5,Khact36
Kha,Kha24,9,Khact37
Kha,Kha15,11,Khact37
Kha,Kha33,11,Khact37
Kha,Kha20,18,Khact37
Kha,Kha33,27,Khact37
Kha,Kha15,37,Khact37
Kha,Kha15,3,Khact38
Kha,Kha22,3,Khact38
Kha,Kha6,6,Khact38
Kha,Kha12,9,Khact38
Kha,Kha24,12,Khact38
Kha,Kha15,14,Khact38
Kha,Kha24,23,Khact38
Kha,Kha24,39,Khact38
Kha,Kha42,39,Khact38
Kha,Kha15,40,Khact38
Kha,Kha41,40,Khact38
Kha,Kha39,42,Khact38
Kha,Kha40,28,Khact39
Kha,Kha12,2,Khact40
Kha,Kha30,15,Khact40
Kha,Kha24,16,Khact40
Kha,Kha41,16,Khact40
Kha,Kha42,16,Khact40
Kha,Kha12,26,Khact40
Kha,Kha42,26,Khact40
Kha,Kha29,40,Khact40
Kha,Kha15,43,Khact40
Kpg,Kpg1,35,Kpgct1
Kpg,Kpg2,1,Kpgct2
Kpg,Kpg3,2,Kpgct2
Kpg,Kpg4,3,Kpgct2
Kpg,Kpg8,33,Kpgct2
Kpg,Kpg4,4,Kpgct3
Kpg,Kpg18,4,Kpgct3
Kpg,Kpg18,6,Kpgct3
Kpg,Kpg26,12,Kpgct3
Kpg,Kpg19,13,Kpgct3
Kpg,Kpg8,14,Kpgct3
Kpg,Kpg26,28,Kpgct3
Kpg,Kpg3,35,Kpgct3
Kpg,Kpg26,39,Kpgct3
Kpg,Kpg27,13,Kpgct4
Kpg,Kpg5,20,Kpgct4
Kpg,Kpg1,29,Kpgct4
Kpg,Kpg6,1,Kpgct5
Kpg,Kpg6,4,Kpgct5
Kpg,Kpg6,10,Kpgct5
Kpg,Kpg8,1,Kpgct6
Kpg,Kpg1,12,Kpgct6
Kpg,Kpg20,22,Kpgct6
Kpg,Kpg8,5,Kpgct7
Kpg,Kpg8,5,Kpgct8
Kpg,Kpg8,28,Kpgct8
Kpg,Kpg6,3,Kpgct11
Kpg,Kpg7,3,Kpgct11
Kpg,Kpg9,6,Kpgct11
Kpg,Kpg9,11,Kpgct11
Kpg,Kpg28,11,Kpgct11
Kpg,Kpg16,12,Kpgct11
Kpg,Kpg27,13,Kpgct11
Kpg,Kpg16,16,Kpgct11
Kpg,Kpg6,17,Kpgct11
Kpg,Kpg7,17,Kpgct11
Kpg,Kpg9,17,Kpgct11
Kpg,Kpg8,22,Kpgct11
Kpg,Kpg20,22,Kpgct11
Kpg,Kpg10,23,Kpgct11
Kpg,Kpg4,26,Kpgct11
Kpg,Kpg7,29,Kpgct11
Kpg,Kpg8,39,Kpgct11
Kpg,Kpg24,41,Kpgct11
Kpg,Kpg3,42,Kpgct11
Kpg,Kpg1,3,Kpgct12
Kpg,Kpg9,4,Kpgct12
Kpg,Kpg7,9,Kpgct12
Kpg,Kpg29,9,Kpgct12
Kpg,Kpg9,18,Kpgct12
Kpg,Kpg28,33,Kpgct12
Kpg,Kpg29,39,Kpgct12
Kpg,Kpg8,41,Kpgct12
Kpg,Kpg28,5,Kpgct13
Kpg,Kpg3,20,Kpgct13
Kpg,Kpg4,4,Kpgct14
Kpg,Kpg9,36,Kpgct14
Kpg,Kpg24,36,Kpgct15
Kpg,Kpg4,2,Kpgct16
Kpg,Kpg5,3,Kpgct16
Kpg,Kpg17,30,Kpgct16
Kpg,Kpg4,23,Kpgct17
Kpg,Kpg10,1,Kpgct18
Kpg,Kpg10,4,Kpgct18
Kpg,Kpg12,4,Kpgct18
Kpg,Kpg9,7,Kpgct18
Kpg,Kpg1,9,Kpgct18
Kpg,Kpg9,9,Kpgct18
Kpg,Kpg10,10,Kpgct18
Kpg,Kpg10,18,Kpgct18
Kpg,Kpg10,19,Kpgct18
Kpg,Kpg10,21,Kpgct18
Kpg,Kpg10,24,Kpgct18
Kpg,Kpg29,24,Kpgct18
Kpg,Kpg1,33,Kpgct18
Kpg,Kpg10,38,Kpgct18
Kpg,Kpg9,39,Kpgct18
Kpg,Kpg10,41,Kpgct18
Kpg,Kpg7,7,Kpgct19
Kpg,Kpg10,11,Kpgct19
Kpg,Kpg9,16,Kpgct19
Kpg,Kpg9,1,Kpgct20
Kpg,Kpg1,9,Kpgct20
Kpg,Kpg1,13,Kpgct20
Kpg,Kpg2,42,Kpgct20
Kpg,Kpg1,4,Kpgct21
Kpg,Kpg1,6,Kpgct21
Kpg,Kpg11,7,Kpgct21
Kpg,Kpg4,10,Kpgct21
Kpg,Kpg1,32,Kpgct21
Kpg,Kpg28,41,Kpgct21
Kpg,Kpg10,4,Kpgct22
Kpg,Kpg12,4,Kpgct22
Kpg,Kpg11,5,Kpgct22
Kpg,Kpg10,6,Kpgct22
Kpg,Kpg9,9,Kpgct22
Kpg,Kpg9,13,Kpgct22
Kpg,Kpg11,13,Kpgct22
Kpg,Kpg28,13,Kpgct22
Kpg,Kpg29,14,Kpgct22
Kpg,Kpg13,15,Kpgct22
Kpg,Kpg4,24,Kpgct22
Kpg,Kpg1,30,Kpgct22
Kpg,Kpg8,30,Kpgct22
Kpg,Kpg2,44,Kpgct22
Kpg,Kpg6,1,Kpgct23
Kpg,Kpg12,1,Kpgct23
Kpg,Kpg9,6,Kpgct23
Kpg,Kpg14,11,Kpgct23
Kpg,Kpg7,23,Kpgct23
Kpg,Kpg9,23,Kpgct23
Kpg,Kpg3,35,Kpgct23
Kpg,Kpg15,2,Kpgct24
Kpg,Kpg6,3,Kpgct24
Kpg,Kpg7,4,Kpgct24
Kpg,Kpg6,6,Kpgct24
Kpg,Kpg9,11,Kpgct24
Kpg,Kpg7,15,Kpgct24
Kpg,Kpg9,17,Kpgct24
Kpg,Kpg12,20,Kpgct24
Kpg,Kpg15,23,Kpgct24
Kpg,Kpg6,31,Kpgct24
Kpg,Kpg16,31,Kpgct24
Kpg,Kpg4,33,Kpgct24
Kpg,Kpg15,38,Kpgct24
Kpg,Kpg1,40,Kpgct24
Kpg,Kpg1,41,Kpgct24
Kpg,Kpg7,42,Kpgct24
Kpg,Kpg9,2,Kpgct25
Kpg,Kpg14,9,Kpgct25
Kpg,Kpg4,12,Kpgct25
Kpg,Kpg20,13,Kpgct25
Kpg,Kpg17,28,Kpgct25
Kpg,Kpg14,29,Kpgct25
Kpg,Kpg18,29,Kpgct25
Kpg,Kpg5,33,Kpgct25
Kpg,Kpg17,35,Kpgct25
Kpg,Kpg18,2,Kpgct28
Kpg,Kpg2,31,Kpgct28
Kpg,Kpg8,41,Kpgct28
Kpg,Kpg14,2,Kpgct29
Kpg,Kpg16,2,Kpgct29
Kpg,Kpg1,4,Kpgct29
Kpg,Kpg24,12,Kpgct29
Kpg,Kpg16,19,Kpgct29
Kpg,Kpg1,20,Kpgct29
Kpg,Kpg19,31,Kpgct29
Kpg,Kpg14,40,Kpgct29
Kpg,Kpg24,44,Kpgct29
Kpg,Kpg9,6,Kpgct30
Kpg,Kpg7,12,Kpgct30
Kpg,Kpg2,29,Kpgct30
Kpg,Kpg19,33,Kpgct30
Kpg,Kpg7,34,Kpgct30
Kpg,Kpg12,34,Kpgct30
Kpg,Kpg29,38,Kpgct30
Kpg,Kpg20,22,Kpgct32
Kpg,Kpg8,25,Kpgct32
Kpg,Kpg11,39,Kpgct32
Kpg,Kpg20,39,Kpgct32
Kpg,Kpg19,15,Kpgct44
Kpg,Kpg14,21,Kpgct44
Kwa,Kwa6,32,Kwact3
Kwa,Kwa3,46,Kwact3
Kwa,Kwa5,16,Kwact4
Kwa,Kwa17,41,Kwact4
Kwa,Kwa9,2,Kwact5
Kwa,Kwa4,36,Kwact5
Kwa,Kwa10,43,Kwact5
Kwa,Kwa15,44,Kwact5
Kwa,Kwa15,2,Kwact6
Kwa,Kwa4,6,Kwact6
Kwa,Kwa10,9,Kwact6
Kwa,Kwa7,33,Kwact6
Kwa,Kwa8,40,Kwact6
Kwa,Kwa7,2,Kwact7
Kwa,Kwa8,5,Kwact7
Kwa,Kwa4,9,Kwact7
Kwa,Kwa10,48,Kwact7
Kwa,Kwa10,36,Kwact8
Kwa,Kwa11,41,Kwact8
Kwa,Kwa1,41,Kwact8
Kwa,Kwa10,27,Kwact10
Kwa,Kwa7,27,Kwact10
Kwa,Kwa9,22,Kwact11
Kwa,Kwa10,34,Kwact11
Kwa,Kwa7,23,Kwact12
Kwa,Kwa15,24,Kwact12
Kwa,Kwa7,24,Kwact12
Kwa,Kwa10,37,Kwact12
Kwa,Kwa19,8,Kwact13
Kwa,Kwa9,33,Kwact13
Kwa,Kwa6,37,Kwact13
Kwa,Kwa10,52,Kwact13
Kwa,Kwa5,4,Kwact15
Kwa,Kwa5,13,Kwact15
Kwa,Kwa7,37,Kwact15
Kwa,Kwa18,37,Kwact15
Kwa,Kwa6,53,Kwact15
Kwa,Kwa5,6,Kwact16
Kwa,Kwa2,30,Kwact16
Kwa,Kwa7,33,Kwact16
Kwa,Kwa2,34,Kwact16
Kwa,Kwa12,40,Kwact16
Kwa,Kwa8,42,Kwact16
Kwa,Kwa10,1,Kwact17
Kwa,Kwa14,2,Kwact18
Kwa,Kwa4,5,Kwact18
Kwa,Kwa14,5,Kwact18
Kwa,Kwa1,11,Kwact18
Kwa,Kwa1,18,Kwact18
Kwa,Kwa11,22,Kwact18
Kwa,Kwa4,32,Kwact18
Kwa,Kwa16,34,Kwact18
Kwa,Kwa7,48,Kwact18
Kwa,Kwa1,49,Kwact18
Kwa,Kwa7,1,Kwact19
Kwa,Kwa7,2,Kwact19
Kwa,Kwa4,3,Kwact19
Kwa,Kwa2,4,Kwact19
Kwa,Kwa11,5,Kwact19
Kwa,Kwa1,6,Kwact19
Kwa,Kwa1,7,Kwact19
Kwa,Kwa1,9,Kwact19
Kwa,Kwa1,12,Kwact19
Kwa,Kwa16,14,Kwact19
Kwa,Kwa2,17,Kwact19
Kwa,Kwa14,18,Kwact19
Kwa,Kwa7,19,Kwact19
Kwa,Kwa1,21,Kwact19
Kwa,Kwa1,40,Kwact19
Kwa,Kwa7,50,Kwact19
Kwa,Kwa1,52,Kwact19
Kwa,Kwa18,5,Kwact20
Kwa,Kwa2,40,Kwact20
Kwa,Kwa3,49,Kwact20
Kwa,Kwa7,6,Kwact21
Kwa,Kwa5,45,Kwact21
Kwa,Kwa18,46,Kwact21
Kwa,Kwa5,2,Kwact22
Kwa,Kwa3,22,Kwact22
Kwa,Kwa12,34,Kwact22
Kwa,Kwa5,2,Kwact23
Kwa,Kwa12,2,Kwact23
Kwa,Kwa3,45,Kwact23
Kwa,Kwa17,47,Kwact23
Kwa,Kwa18,25,Kwact24
Kwa,Kwa6,37,Kwact24
Kwa,Kwa6,2,Kwact25
Kwa,Kwa12,4,Kwact25
Kwa,Kwa3,6,Kwact25
Kwa,Kwa5,7,Kwact25
Kwa,Kwa18,39,Kwact25
Kwa,Kwa9,53,Kwact25
Kwa,Kwa13,6,Kwact26
Kwa,Kwa3,7,Kwact26
Kwa,Kwa5,11,Kwact28
Kwa,Kwa5,34,Kwact28
Kwa,Kwa12,1,Kwact29
Kwa,Kwa3,1,Kwact29
Kwa,Kwa10,11,Kwact29
Kwa,Kwa3,11,Kwact29
Kwa,Kwa5,17,Kwact29
Kwa,Kwa3,36,Kwact29
Kwa,Kwa3,50,Kwact29
Kwa,Kwa3,54,Kwact29
Kwa,Kwa9,2,Kwact30
Kwa,Kwa6,32,Kwact30
Kwa,Kwa3,36,Kwact30
Kwa,Kwa6,54,Kwact30
Kwa,Kwa21,1,Kwact31
Kwa,Kwa5,11,Kwact31
Kwa,Kwa3,19,Kwact31
Kwa,Kwa3,46,Kwact31
Kwa,Kwa13,36,Kwact32
Kwa,Kwa3,46,Kwact32
Kwa,Kwa14,31,Kwact33
Kwa,Kwa4,34,Kwact33
Kwa,Kwa7,35,Kwact33
Kwa,Kwa4,39,Kwact33
Kwa,Kwa1,41,Kwact33
Kwa,Kwa8,42,Kwact33
Kwa,Kwa2,52,Kwact33
Kwa,Kwa15,5,Kwact34
Kwa,Kwa10,10,Kwact34
Kwa,Kwa7,11,Kwact34
Kwa,Kwa20,44,Kwact34
Kwa,Kwa17,44,Kwact34
Kwa,Kwa5,50,Kwact34
Kwa,Kwa13,8,Kwact35
Kwa,Kwa3,7,Kwact36
Kwa,Kwa6,9,Kwact36
Kwa,Kwa6,10,Kwact36
Kwa,Kwa5,10,Kwact36
Kwa,Kwa6,11,Kwact36
Kwa,Kwa6,12,Kwact36
Kwa,Kwa19,18,Kwact36
Kwa,Kwa12,20,Kwact36
Kwa,Kwa6,31,Kwact36
Kwa,Kwa6,46,Kwact36
Kwa,Kwa6,9,Kwact37
Kwa,Kwa6,51,Kwact37
Kwa,Kwa3,15,Kwact39
Kwa,Kwa3,51,Kwact39
Kwa,Kwa9,3,Kwact40
Kwa,Kwa11,9,Kwact40
Kwa,Kwa10,10,Kwact40
Lap,Lap18,4,Lapct1
Lap,Lap13,11,Lapct1
Lap,Lap3,22,Lapct1
Lap,Lap18,24,Lapct1
Lap,Lap33,28,Lapct1
Lap,Lap1,33,Lapct1
Lap,Lap25,44,Lapct1
Lap,Lap14,1,Lapct2
Lap,Lap33,3,Lapct2
Lap,Lap13,23,Lapct2
Lap,Lap14,35,Lapct2
Lap,Lap12,37,Lapct2
Lap,Lap32,6,Lapct3
Lap,Lap12,26,Lapct3
Lap,Lap20,1,Lapct4
Lap,Lap32,3,Lapct4
Lap,Lap29,4,Lapct4
Lap,Lap16,19,Lapct4
Lap,Lap12,38,Lapct5
Lap,Lap32,41,Lapct5
Lap,Lap15,5,Lapct6
Lap,Lap26,11,Lapct6
Lap,Lap8,13,Lapct6
Lap,Lap36,20,Lapct6
Lap,Lap25,24,Lapct6
Lap,Lap26,24,Lapct6
Lap,Lap26,29,Lapct6
Lap,Lap36,39,Lapct6
Lap,Lap26,39,Lapct6
Lap,Lap10,6,Lapct7
Lap,Lap10,14,Lapct7
Lap,Lap34,14,Lapct7
Lap,Lap11,46,Lapct7
Lap,Lap31,30,Lapct8
Lap,Lap28,33,Lapct8
Lap,Lap14,13,Lapct9
Lap,Lap23,6,Lapct10
Lap,Lap17,20,Lapct10
Lap,Lap1,4,Lapct12
Lap,Lap5,5,Lapct12
Lap,Lap1,9,Lapct12
Lap,Lap37,15,Lapct12
Lap,Lap8,24,Lapct12
Lap,Lap3,30,Lapct12
Lap,Lap16,44,Lapct12
Lap,Lap15,3,Lapct14
Lap,Lap22,12,Lapct15
Lap,Lap19,20,Lapct15
Lap,Lap5,5,Lapct16
Lap,Lap4,6,Lapct16
Lap,Lap4,11,Lapct16
Lap,Lap8,22,Lapct16
Lap,Lap8,26,Lapct16
Lap,Lap16,31,Lapct16
Lap,Lap4,33,Lapct16
Lap,Lap26,33,Lapct16
Lap,Lap3,34,Lapct16
Lap,Lap32,3,Lapct17
Lap,Lap22,30,Lapct17
Lap,Lap22,36,Lapct17
Lap,Lap20,46,Lapct17
Lap,Lap18,49,Lapct17
Lap,Lap1,4,Lapct18
Lap,Lap2,5,Lapct18
Lap,Lap3,9,Lapct18
Lap,Lap26,11,Lapct18
Lap,Lap16,11,Lapct18
Lap,Lap2,17,Lapct18
Lap,Lap6,19,Lapct18
Lap,Lap3,19,Lapct18
Lap,Lap4,28,Lapct18
Lap,Lap4,30,Lapct18
Lap,Lap5,32,Lapct18
Lap,Lap4,36,Lapct18
Lap,Lap7,39,Lapct18
Lap,Lap1,40,Lapct18
Lap,Lap4,41,Lapct18
Lap,Lap5,17,Lapct19
Lap,Lap16,30,Lapct19
Lap,Lap3,37,Lapct19
Lap,Lap3,40,Lapct19
Lap,Lap7,40,Lapct19
Lap,Lap5,44,Lapct19
Lap,Lap23,4,Lapct20
Lap,Lap7,11,Lapct20
Lap,Lap29,23,Lapct20
Lap,Lap17,32,Lapct20
Lap,Lap9,42,Lapct20
Lap,Lap7,6,Lapct21
Lap,Lap27,13,Lapct21
Lap,Lap15,24,Lapct21
Lap,Lap28,24,Lapct21
Lap,Lap29,35,Lapct21
Lap,Lap23,8,Lapct22
Lap,Lap27,9,Lapct22
Lap,Lap22,14,Lapct22
Lap,Lap28,15,Lapct22
Lap,Lap17,39,Lapct22
Lap,Lap23,6,Lapct23
Lap,Lap5,8,Lapct23
Lap,Lap5,9,Lapct23
Lap,Lap31,22,Lapct23
Lap,Lap7,33,Lapct23
Lap,Lap8,6,Lapct25
Lap,Lap4,8,Lapct25
Lap,Lap16,8,Lapct25
Lap,Lap3,13,Lapct25
Lap,Lap4,31,Lapct25
Lap,Lap8,32,Lapct25
Lap,Lap4,32,Lapct25
Lap,Lap8,33,Lapct25
Lap,Lap1,35,Lapct25
Lap,Lap5,50,Lapct25
Lap,Lap4,50,Lapct25
Lap,Lap16,11,Lapct26
Lap,Lap6,13,Lapct26
Lap,Lap3,14,Lapct26
Lap,Lap11,46,Lapct26
Lap,Lap24,8,Lapct27
Lap,Lap20,14,Lapct27
Lap,Lap35,15,Lapct27
Lap,Lap31,26,Lapct28
Lap,Lap20,2,Lapct29
Lap,Lap9,9,Lapct29
Lap,Lap21,23,Lapct29
Lap,Lap9,37,Lapct29
Lap,Lap20,5,Lapct30
Lap,Lap9,7,Lapct30
Lap,Lap9,17,Lapct30
Lap,Lap20,35,Lapct30
Lap,Lap9,42,Lapct30
Lap,Lap9,4,Lapct31
Lap,Lap9,15,Lapct31
Lap,Lap21,29,Lapct31
Lap,Lap20,38,Lapct31
Lap,Lap21,43,Lapct31
Lap,Lap9,1,Lapct32
Lap,Lap9,6,Lapct32
Lap,Lap21,7,Lapct32
Lap,Lap9,11,Lapct32
Lap,Lap9,17,Lapct32
Lap,Lap11,4,Lapct33
Lap,Lap11,20,Lapct33
Lap,Lap9,43,Lapct33
Lap,Lap11,50,Lapct33
Lap,Lap3,1,Lapct34
Lap,Lap21,1,Lapct34
Lap,Lap9,1,Lapct34
Lap,Lap9,3,Lapct34
Lap,Lap3,6,Lapct34
Lap,Lap21,8,Lapct34
Lap,Lap32,9,Lapct34
Lap,Lap9,29,Lapct34
Lap,Lap20,31,Lapct34
Lap,Lap8,1,Lapct35
Lap,Lap17,1,Lapct35
Lap,Lap17,3,Lapct35
Lap,Lap17,14,Lapct35
Lap,Lap16,23,Lapct35
Lap,Lap9,1,Lapct37
Lap,Lap16,1,Lapct37
Lap,Lap29,3,Lapct37
Lap,Lap3,21,Lapct37
Lap,Lap28,23,Lapct37
Lap,Lap9,18,Lapct38
Lap,Lap22,19,Lapct38
Lap,Lap21,19,Lapct38
Lap,Lap9,19,Lapct38
Lap,Lap18,34,Lapct39
Lap,Lap19,34,Lapct39
Lap,Lap2,2,Lapct40
Lap,Lap23,5,Lapct40
Lap,Lap10,6,Lapct40
Lap,Lap17,7,Lapct40
Lap,Lap20,10,Lapct40
Lap,Lap4,20,Lapct40
Lap,Lap5,22,Lapct40
Lap,Lap12,33,Lapct40
Los,Los1,6,Losct1
Los,Los1,36,Losct1
Los,Los2,8,Losct2
Los,Los1,43,Losct2
Los,Los1,4,Losct4
Los,Los1,5,Losct4
Los,Los1,6,Losct4
Los,Los5,10,Losct4
Los,Los1,23,Losct4
Los,Los3,35,Losct4
Los,Los1,39,Losct4
Los,Los1,49,Losct4
Los,Los5,49,Losct4
Los,Los1,51,Losct4
Los,Los2,8,Losct5
Los,Los5,11,Losct5
Los,Los1,20,Losct5
Los,Los3,34,Losct5
Los,Los2,5,Losct6
Los,Los5,27,Losct6
Los,Los1,28,Losct6
Los,Los1,32,Losct6
Los,Los1,47,Losct6
Los,Los4,5,Losct7
Los,Los1,20,Losct7
Los,Los1,5,Losct9
Los,Los1,16,Losct9
Los,Los1,23,Losct9
Los,Los1,28,Losct9
Los,Los1,40,Losct9
Los,Los2,43,Losct9
Los,Los5,1,Losct10
Los,Los1,5,Losct10
Los,Los5,9,Losct10
Los,Los2,14,Losct10
Los,Los5,20,Losct10
Los,Los1,27,Losct10
Los,Los1,40,Losct10
Los,Los1,10,Losct11
Los,Los5,13,Losct11
Los,Los5,48,Losct15
Los,Los5,8,Losct18
Los,Los1,26,Losct18
Los,Los4,26,Losct18
Los,Los2,50,Losct19
Los,Los1,15,Losct23
Los,Los5,22,Losct23
Los,Los2,40,Losct23
Los,Los1,15,Losct24
Los,Los1,16,Losct28
Los,Los1,6,Losct29
Los,Los5,7,Losct29
Los,Los6,16,Losct29
Los,Los1,4,Losct30
Los,Los1,9,Losct31
Mad,Mad11,13,Madct1
Mad,Mad1,17,Madct1
Mad,Mad2,19,Madct1
Mad,Mad16,26,Madct1
Mad,Mad2,5,Madct6
Mad,Mad6,11,Madct6
Mad,Mad6,14,Madct6
Mad,Mad16,14,Madct6
Mad,Mad9,12,Madct8
Mad,Mad8,17,Madct8
Mad,Mad7,19,Madct8
Mad,Mad8,28,Madct8
Mad,Mad9,28,Madct8
Mad,Mad29,29,Madct8
Mad,Mad9,2,Madct9
Mad,Mad10,3,Madct9
Mad,Mad9,7,Madct9
Mad,Mad10,15,Madct9
Mad,Mad10,16,Madct9
Mad,Mad9,17,Madct9
Mad,Mad10,11,Madct10
Mad,Mad10,4,Madct11
Mad,Mad11,8,Madct11
Mad,Mad11,18,Madct11
Mad,Mad18,1,Madct12
Mad,Mad6,3,Madct12
Mad,Mad10,6,Madct12
Mad,Mad12,6,Madct12
Mad,Mad6,10,Madct12
Mad,Mad11,12,Madct12
Mad,Mad3,18,Madct12
Mad,Mad10,18,Madct12
Mad,Mad12,21,Madct12
Mad,Mad4,27,Madct12
Mad,Mad12,28,Madct12
Mad,Mad37,28,Madct12
Mad,Mad10,3,Madct13
Mad,Mad4,5,Madct13
Mad,Mad12,6,Madct13
Mad,Mad6,7,Madct13
Mad,Mad11,10,Madct13
Mad,Mad9,14,Madct13
Mad,Mad38,18,Madct13
Mad,Mad10,22,Madct13
Mad,Mad38,24,Madct13
Mad,Mad10,26,Madct13
Mad,Mad24,27,Madct13
Mad,Mad33,27,Madct13
Mad,Mad48,28,Madct13
Mad,Mad20,12,Madct14
Mad,Mad38,19,Madct14
Mad,Mad20,21,Madct14
Mad,Mad6,36,Madct14
Mad,Mad13,27,Madct15
Mad,Mad13,2,Madct16
Mad,Mad16,11,Madct16
Mad,Mad13,14,Madct16
Mad,Mad13,21,Madct16
Mad,Mad13,22,Madct16
Mad,Mad13,29,Madct16
Mad,Mad17,29,Madct16
Mad,Mad13,32,Madct16
Mad,Mad14,1,Madct17
Mad,Mad16,1,Madct17
Mad,Mad11,3,Madct17
Mad,Mad12,4,Madct17
Mad,Mad15,4,Madct17
Mad,Mad15,5,Madct17
Mad,Mad13,6,Madct17
Mad,Mad16,6,Madct17
Mad,Mad13,7,Madct17
Mad,Mad15,7,Madct17
Mad,Mad15,12,Madct17
Mad,Mad13,13,Madct17
Mad,Mad14,13,Madct17
Mad,Mad13,14,Madct17
Mad,Mad14,14,Madct17
Mad,Mad16,14,Madct17
Mad,Mad16,15,Madct17
Mad,Mad13,16,Madct17
Mad,Mad15,17,Madct17
Mad,Mad16,17,Madct17
Mad,Mad16,21,Madct17
Mad,Mad13,23,Madct17
Mad,Mad15,23,Madct17
Mad,Mad16,24,Madct17
Mad,Mad13,25,Madct17
Mad,Mad14,25,Madct17
Mad,Mad15,26,Madct17
Mad,Mad16,27,Madct17
Mad,Mad15,28,Madct17
Mad,Mad13,29,Madct17
Mad,Mad15,29,Madct17
Mad,Mad24,31,Madct17
Mad,Mad14,32,Madct17
Mad,Mad16,33,Madct17
Mad,Mad16,34,Madct17
Mad,Mad24,34,Madct17
Mad,Mad15,35,Madct17
Mad,Mad16,37,Madct17
Mad,Mad13,2,Madct18
Mad,Mad13,3,Madct18
Mad,Mad21,5,Madct18
Mad,Mad10,6,Madct18
Mad,Mad16,6,Madct18
Mad,Mad16,11,Madct18
Mad,Mad13,15,Madct18
Mad,Mad13,17,Madct18
Mad,Mad13,25,Madct18
Mad,Mad16,27,Madct18
Mad,Mad13,29,Madct18
Mad,Mad13,32,Madct18
Mad,Mad13,33,Madct18
Mad,Mad16,33,Madct18
Mad,Mad13,35,Madct18
Mad,Mad21,37,Madct18
Mad,Mad20,14,Madct19
Mad,Mad13,32,Madct19
Mad,Mad17,1,Madct20
Mad,Mad18,2,Madct20
Mad,Mad6,4,Madct20
Mad,Mad14,7,Madct20
Mad,Mad19,11,Madct20
Mad,Mad20,22,Madct20
Mad,Mad20,24,Madct20
Mad,Mad16,34,Madct20
Mad,Mad20,34,Madct20
Mad,Mad12,35,Madct20
Mad,Mad45,31,Madct21
Mad,Mad16,35,Madct21
Mad,Mad13,23,Madct22
Mad,Mad16,29,Madct22
Mad,Mad15,32,Madct22
Mad,Mad15,3,Madct23
Mad,Mad16,3,Madct23
Mad,Mad13,5,Madct23
Mad,Mad16,5,Madct23
Mad,Mad50,6,Madct23
Mad,Mad27,7,Madct23
Mad,Mad15,9,Madct23
Mad,Mad16,9,Madct23
Mad,Mad16,11,Madct23
Mad,Mad50,13,Madct23
Mad,Mad24,14,Madct23
Mad,Mad13,15,Madct23
Mad,Mad21,16,Madct23
Mad,Mad13,17,Madct23
Mad,Mad16,17,Madct23
Mad,Mad49,17,Madct23
Mad,Mad6,18,Madct23
Mad,Mad13,18,Madct23
Mad,Mad14,18,Madct23
Mad,Mad15,18,Madct23
Mad,Mad16,18,Madct23
Mad,Mad21,18,Madct23
Mad,Mad50,18,Madct23
Mad,Mad13,22,Madct23
Mad,Mad13,23,Madct23
Mad,Mad15,23,Madct23
Mad,Mad16,23,Madct23
Mad,Mad16,24,Madct23
Mad,Mad13,25,Madct23
Mad,Mad16,25,Madct23
Mad,Mad21,33,Madct23
Mad,Mad13,35,Madct23
Mad,Mad4,3,Madct25
Mad,Mad5,4,Madct25
Mad,Mad5,6,Madct25
Mad,Mad4,16,Madct25
Mad,Mad7,2,Madct26
Mad,Mad31,19,Madct26
Mad,Mad23,27,Madct26
Mad,Mad16,3,Madct27
Mad,Mad16,8,Madct27
Mad,Mad22,32,Madct27
Mad,Mad22,33,Madct27
Mad,Mad17,2,Madct28
Mad,Mad22,5,Madct28
Mad,Mad2,7,Madct29
Mad,Mad23,8,Madct29
Mad,Mad35,8,Madct29
Mad,Mad21,15,Madct29
Mad,Mad22,15,Madct29
Mad,Mad35,17,Madct29
Mad,Mad23,21,Madct29
Mad,Mad24,24,Madct29
Mad,Mad35,24,Madct29
Mad,Mad39,25,Madct29
Mad,Mad24,27,Madct29
Mad,Mad31,6,Madct30
Mad,Mad24,7,Madct30
Mad,Mad22,8,Madct31
Mad,Mad25,22,Madct31
Mad,Mad40,1,Madct32
Mad,Mad16,5,Madct32
Mad,Mad29,5,Madct32
Mad,Mad41,8,Madct32
Mad,Mad26,17,Madct32
Mad,Mad41,26,Madct32
Mad,Mad41,1,Madct33
Mad,Mad29,2,Madct33
Mad,Mad13,3,Madct33
Mad,Mad26,4,Madct33
Mad,Mad45,8,Madct33
Mad,Mad5,9,Madct33
Mad,Mad6,9,Madct33
Mad,Mad27,9,Madct33
Mad,Mad42,11,Madct33
Mad,Mad6,12,Madct33
Mad,Mad27,15,Madct33
Mad,Mad10,16,Madct33
Mad,Mad6,21,Madct33
Mad,Mad28,24,Madct33
Mad,Mad28,28,Madct33
Mad,Mad28,5,Madct34
Mad,Mad27,11,Madct34
Mad,Mad33,28,Madct34
Mad,Mad29,4,Madct35
Mad,Mad28,7,Madct35
Mad,Mad28,8,Madct35
Mad,Mad43,18,Madct35
Mad,Mad30,19,Madct35
Mad,Mad29,24,Madct35
Mad,Mad12,3,Madct36
Mad,Mad35,7,Madct36
Mad,Mad16,8,Madct36
Mad,Mad31,10,Madct36
Mad,Mad16,11,Madct36
Mad,Mad44,12,Madct36
Mad,Mad51,22,Madct36
Mad,Mad35,23,Madct36
Mad,Mad44,3,Madct37
Mad,Mad24,6,Madct37
Mad,Mad22,21,Madct37
Mad,Mad44,28,Madct37
Mad,Mad45,13,Madct38
Mad,Mad28,2,Madct39
Mad,Mad30,4,Madct39
Mad,Mad30,6,Madct39
Mad,Mad32,12,Madct39
Mad,Mad27,19,Madct39
Mad,Mad30,19,Madct39
Mad,Mad33,24,Madct39
Mad,Mad33,28,Madct39
Mad,Mad34,3,Madct40
Mad,Mad46,4,Madct40
Mad,Mad24,5,Madct40
Mad,Mad24,7,Madct40
Mad,Mad35,11,Madct40
Mad,Mad44,11,Madct40
Mad,Mad15,12,Madct40
Mad,Mad34,13,Madct40
Mad,Mad47,15,Madct40
Mad,Mad45,16,Madct40
Mad,Mad6,25,Madct40
Pil,Pil2,7,Pilct1
Pil,Pil1,8,Pilct1
Pil,Pil3,8,Pilct1
Pil,Pil5,8,Pilct1
Pil,Pil4,10,Pilct1
Pil,Pil4,14,Pilct1
Pil,Pil4,21,Pilct1
Pil,Pil4,24,Pilct1
Pil,Pil3,29,Pilct1
Pil,Pil37,33,Pilct1
Pil,Pil3,35,Pilct1
Pil,Pil6,36,Pilct1
Pil,Pil8,3,Pilct2
Pil,Pil8,4,Pilct2
Pil,Pil4,11,Pilct2
Pil,Pil5,14,Pilct2
Pil,Pil1,19,Pilct2
Pil,Pil8,25,Pilct2
Pil,Pil8,29,Pilct2
Pil,Pil2,37,Pilct2
Pil,Pil21,43,Pilct2
Pil,Pil7,6,Pilct3
Pil,Pil10,9,Pilct3
Pil,Pil41,10,Pilct3
Pil,Pil7,16,Pilct3
Pil,Pil49,32,Pilct3
Pil,Pil10,33,Pilct3
Pil,Pil41,2,Pilct4
Pil,Pil7,10,Pilct4
Pil,Pil7,12,Pilct4
Pil,Pil9,12,Pilct4
Pil,Pil10,12,Pilct4
Pil,Pil7,16,Pilct4
Pil,Pil10,19,Pilct4
Pil,Pil7,22,Pilct4
Pil,Pil10,24,Pilct4
Pil,Pil7,27,Pilct4
Pil,Pil10,28,Pilct4
Pil,Pil49,31,Pilct4
Pil,Pil7,36,Pilct4
Pil,Pil50,38,Pilct4
Pil,Pil6,39,Pilct4
Pil,Pil25,41,Pilct4
Pil,Pil6,42,Pilct4
Pil,Pil7,43,Pilct4
Pil,Pil9,12,Pilct5
Pil,Pil10,1,Pilct6
Pil,Pil41,11,Pilct6
Pil,Pil7,15,Pilct6
Pil,Pil12,18,Pilct6
Pil,Pil9,19,Pilct6
Pil,Pil10,19,Pilct6
Pil,Pil7,24,Pilct6
Pil,Pil7,28,Pilct6
Pil,Pil25,28,Pilct6
Pil,Pil7,38,Pilct6
Pil,Pil5,43,Pilct6
Pil,Pil5,6,Pilct7
Pil,Pil10,12,Pilct7
Pil,Pil1,17,Pilct7
Pil,Pil11,19,Pilct7
Pil,Pil11,32,Pilct7
Pil,Pil12,32,Pilct7
Pil,Pil48,32,Pilct7
Pil,Pil9,35,Pilct7
Pil,Pil11,37,Pilct7
Pil,Pil11,42,Pilct7
Pil,Pil19,42,Pilct7
Pil,Pil6,1,Pilct8
Pil,Pil10,2,Pilct8
Pil,Pil6,6,Pilct8
Pil,Pil32,6,Pilct8
Pil,Pil11,7,Pilct8
Pil,Pil12,7,Pilct8
Pil,Pil11,10,Pilct8
Pil,Pil11,11,Pilct8
Pil,Pil12,15,Pilct8
Pil,Pil10,22,Pilct8
Pil,Pil11,22,Pilct8
Pil,Pil11,24,Pilct8
Pil,Pil13,26,Pilct8
Pil,Pil43,27,Pilct8
Pil,Pil11,28,Pilct8
Pil,Pil43,32,Pilct8
Pil,Pil43,35,Pilct8
Pil,Pil11,38,Pilct8
Pil,Pil42,41,Pilct8
Pil,Pil14,42,Pilct8
Pil,Pil43,44,Pilct8
Pil,Pil1,12,Pilct9
Pil,Pil4,13,Pilct9
Pil,Pil13,14,Pilct9
Pil,Pil6,19,Pilct9
Pil,Pil4,20,Pilct9
Pil,Pil1,23,Pilct9
Pil,Pil3,37,Pilct9
Pil,Pil14,43,Pilct9
Pil,Pil4,2,Pilct10
Pil,Pil33,14,Pilct10
Pil,Pil3,15,Pilct10
Pil,Pil4,18,Pilct10
Pil,Pil3,19,Pilct10
Pil,Pil4,29,Pilct10
Pil,Pil15,29,Pilct10
Pil,Pil4,31,Pilct10
Pil,Pil6,36,Pilct10
Pil,Pil12,36,Pilct10
Pil,Pil15,37,Pilct10
Pil,Pil6,42,Pilct10
Pil,Pil13,2,Pilct11
Pil,Pil27,3,Pilct11
Pil,Pil44,4,Pilct11
Pil,Pil41,10,Pilct11
Pil,Pil9,11,Pilct11
Pil,Pil41,15,Pilct11
Pil,Pil46,17,Pilct11
Pil,Pil22,19,Pilct11
Pil,Pil14,20,Pilct11
Pil,Pil27,20,Pilct11
Pil,Pil21,23,Pilct11
Pil,Pil10,25,Pilct11
Pil,Pil25,26,Pilct11
Pil,Pil44,26,Pilct11
Pil,Pil25,30,Pilct11
Pil,Pil43,33,Pilct11
Pil,Pil44,33,Pilct11
Pil,Pil44,36,Pilct11
Pil,Pil13,37,Pilct11
Pil,Pil25,38,Pilct11
Pil,Pil16,40,Pilct11
Pil,Pil25,40,Pilct11
Pil,Pil44,44,Pilct11
Pil,Pil3,16,Pilct12
Pil,Pil13,18,Pilct12
Pil,Pil3,19,Pilct12
Pil,Pil3,20,Pilct12
Pil,Pil4,20,Pilct12
Pil,Pil18,20,Pilct12
Pil,Pil43,20,Pilct12
Pil,Pil4,21,Pilct12
Pil,Pil17,22,Pilct12
Pil,Pil17,27,Pilct12
Pil,Pil18,27,Pilct12
Pil,Pil18,31,Pilct12
Pil,Pil13,42,Pilct12
Pil,Pil17,42,Pilct12
Pil,Pil17,43,Pilct12
Pil,Pil18,43,Pilct12
Pil,Pil27,43,Pilct12
Pil,Pil8,1,Pilct13
Pil,Pil19,3,Pilct13
Pil,Pil45,3,Pilct13
Pil,Pil27,4,Pilct13
Pil,Pil20,7,Pilct13
Pil,Pil28,8,Pilct13
Pil,Pil20,12,Pilct13
Pil,Pil8,15,Pilct13
Pil,Pil19,18,Pilct13
Pil,Pil21,18,Pilct13
Pil,Pil19,31,Pilct13
Pil,Pil6,34,Pilct13
Pil,Pil6,36,Pilct13
Pil,Pil25,37,Pilct13
Pil,Pil9,43,Pilct13
Pil,Pil19,44,Pilct13
Pil,Pil43,44,Pilct13
Pil,Pil12,7,Pilct14
Pil,Pil22,7,Pilct14
Pil,Pil23,8,Pilct14
Pil,Pil24,9,Pilct14
Pil,Pil26,14,Pilct14
Pil,Pil27,15,Pilct14
Pil,Pil29,15,Pilct14
Pil,Pil24,20,Pilct14
Pil,Pil47,22,Pilct14
Pil,Pil23,24,Pilct14
Pil,Pil31,24,Pilct14
Pil,Pil23,27,Pilct14
Pil,Pil23,28,Pilct14
Pil,Pil31,30,Pilct14
Pil,Pil23,37,Pilct14
Pil,Pil46,40,Pilct14
Pil,Pil47,40,Pilct14
Pil,Pil31,42,Pilct14
Pil,Pil10,44,Pilct14
Pil,Pil24,44,Pilct14
Pil,Pil24,4,Pilct15
Pil,Pil19,5,Pilct15
Pil,Pil37,7,Pilct15
Pil,Pil21,8,Pilct15
Pil,Pil20,9,Pilct15
Pil,Pil21,13,Pilct15
Pil,Pil28,13,Pilct15
Pil,Pil21,15,Pilct15
Pil,Pil20,16,Pilct15
Pil,Pil21,17,Pilct15
Pil,Pil8,18,Pilct15
Pil,Pil19,19,Pilct15
Pil,Pil21,19,Pilct15
Pil,Pil44,21,Pilct15
Pil,Pil20,22,Pilct15
Pil,Pil21,23,Pilct15
Pil,Pil19,27,Pilct15
Pil,Pil8,28,Pilct15
Pil,Pil20,29,Pilct15
Pil,Pil20,31,Pilct15
Pil,Pil20,33,Pilct15
Pil,Pil28,33,Pilct15
Pil,Pil4,34,Pilct15
Pil,Pil21,35,Pilct15
Pil,Pil19,36,Pilct15
Pil,Pil20,37,Pilct15
Pil,Pil21,41,Pilct15
Pil,Pil21,44,Pilct15
Pil,Pil20,2,Pilct16
Pil,Pil20,10,Pilct16
Pil,Pil8,11,Pilct16
Pil,Pil8,12,Pilct16
Pil,Pil41,14,Pilct16
Pil,Pil28,23,Pilct16
Pil,Pil29,4,Pilct17
Pil,Pil29,6,Pilct17
Pil,Pil8,9,Pilct17
Pil,Pil29,9,Pilct17
Pil,Pil43,19,Pilct17
Pil,Pil43,21,Pilct17
Pil,Pil9,29,Pilct17
Pil,Pil29,36,Pilct17
Pil,Pil37,6,Pilct18
Pil,Pil30,7,Pilct18
Pil,Pil31,7,Pilct18
Pil,Pil41,8,Pilct18
Pil,Pil41,22,Pilct18
Pil,Pil41,23,Pilct18
Pil,Pil30,28,Pilct18
Pil,Pil29,29,Pilct18
Pil,Pil31,29,Pilct18
Pil,Pil34,33,Pilct18
Pil,Pil43,33,Pilct18
Pil,Pil31,34,Pilct18
Pil,Pil32,34,Pilct18
Pil,Pil31,36,Pilct18
Pil,Pil29,38,Pilct18
Pil,Pil37,42,Pilct18
Pil,Pil51,44,Pilct18
Pil,Pil31,45,Pilct18
Pil,Pil32,3,Pilct19
Pil,Pil32,5,Pilct19
Pil,Pil9,9,Pilct19
Pil,Pil28,9,Pilct19
Pil,Pil29,14,Pilct19
Pil,Pil28,18,Pilct19
Pil,Pil33,19,Pilct19
Pil,Pil43,21,Pilct19
Pil,Pil9,22,Pilct19
Pil,Pil38,22,Pilct19
Pil,Pil28,23,Pilct19
Pil,Pil32,24,Pilct19
Pil,Pil29,25,Pilct19
Pil,Pil33,33,Pilct19
Pil,Pil22,34,Pilct19
Pil,Pil48,43,Pilct19
Pil,Pil21,4,Pilct20
Pil,Pil9,9,Pilct20
Pil,Pil34,9,Pilct20
Pil,Pil28,10,Pilct20
Pil,Pil22,13,Pilct20
Pil,Pil30,14,Pilct20
Pil,Pil34,14,Pilct20
Pil,Pil36,14,Pilct20
Pil,Pil38,14,Pilct20
Pil,Pil30,15,Pilct20
Pil,Pil35,16,Pilct20
Pil,Pil27,17,Pilct20
Pil,Pil32,17,Pilct20
Pil,Pil34,18,Pilct20
Pil,Pil34,20,Pilct20
Pil,Pil38,20,Pilct20
Pil,Pil36,22,Pilct20
Pil,Pil44,22,Pilct20
Pil,Pil31,27,Pilct20
Pil,Pil21,28,Pilct20
Pil,Pil34,28,Pilct20
Pil,Pil26,29,Pilct20
Pil,Pil34,30,Pilct20
Pil,Pil12,34,Pilct20
Pil,Pil34,34,Pilct20
Pil,Pil28,38,Pilct20
Pil,Pil34,41,Pilct20
Pil,Pil5,43,Pilct20
Pil,Pil37,44,Pilct20
Pil,Pil41,44,Pilct20
Pil,Pil31,20,Pilct21
Pil,Pil30,28,Pilct21
Pil,Pil32,28,Pilct21
Pil,Pil21,43,Pilct21
Pil,Pil28,6,Pilct22
Pil,Pil28,10,Pilct22
Pil,Pil21,12,Pilct22
Pil,Pil25,12,Pilct22
Pil,Pil34,12,Pilct22
Pil,Pil33,16,Pilct22
Pil,Pil33,21,Pilct22
Pil,Pil33,24,Pilct22
Pil,Pil34,25,Pilct22
Pil,Pil43,27,Pilct22
Pil,Pil36,28,Pilct22
Pil,Pil33,29,Pilct22
Pil,Pil44,32,Pilct22
Pil,Pil31,34,Pilct22
Pil,Pil36,38,Pilct22
Pil,Pil44,40,Pilct22
Pil,Pil5,41,Pilct22
Pil,Pil37,43,Pilct22
Pil,Pil9,6,Pilct23
Pil,Pil33,6,Pilct23
Pil,Pil35,11,Pilct23
Pil,Pil35,12,Pilct23
Pil,Pil35,14,Pilct23
Pil,Pil34,20,Pilct23
Pil,Pil35,24,Pilct23
Pil,Pil38,28,Pilct23
Pil,Pil34,35,Pilct23
Pil,Pil33,39,Pilct23
Pil,Pil9,14,Pilct24
Pil,Pil33,20,Pilct24
Pil,Pil38,28,Pilct24
Pil,Pil45,38,Pilct24
Pil,Pil33,8,Pilct25
Pil,Pil34,11,Pilct25
Pil,Pil38,11,Pilct25
Pil,Pil35,17,Pilct25
Pil,Pil38,40,Pilct25
Pil,Pil20,42,Pilct25
Pil,Pil34,45,Pilct25
Pil,Pil36,7,Pilct26
Pil,Pil29,8,Pilct26
Pil,Pil31,8,Pilct26
Pil,Pil38,15,Pilct26
Pil,Pil20,22,Pilct26
Pil,Pil18,26,Pilct26
Pil,Pil34,42,Pilct26
Pil,Pil34,3,Pilct27
Pil,Pil38,3,Pilct27
Pil,Pil20,4,Pilct27
Pil,Pil34,7,Pilct27
Pil,Pil34,9,Pilct27
Pil,Pil24,15,Pilct27
Pil,Pil35,19,Pilct27
Pil,Pil26,22,Pilct27
Pil,Pil31,36,Pilct27
Pil,Pil34,36,Pilct27
Pil,Pil31,40,Pilct27
Pil,Pil35,41,Pilct27
Pil,Pil31,43,Pilct27
Pil,Pil13,44,Pilct27
Pil,Pil39,18,Pilct28
Pil,Pil38,32,Pilct28
Pil,Pil35,41,Pilct28
Pil,Pil27,8,Pilct29
Pil,Pil43,8,Pilct29
Pil,Pil33,10,Pilct29
Pil,Pil29,14,Pilct29
Pil,Pil27,17,Pilct29
Pil,Pil27,23,Pilct29
Pil,Pil40,23,Pilct29
Pil,Pil27,30,Pilct29
Pil,Pil27,33,Pilct29
Pil,Pil40,35,Pilct29
Pil,Pil40,39,Pilct29
Pil,Pil28,2,Pilct30
Pil,Pil31,3,Pilct30
Pil,Pil2,6,Pilct30
Pil,Pil41,7,Pilct30
Pil,Pil48,10,Pilct30
Pil,Pil29,13,Pilct30
Pil,Pil26,14,Pilct30
Pil,Pil34,14,Pilct30
Pil,Pil40,14,Pilct30
Pil,Pil48,14,Pilct30
Pil,Pil27,17,Pilct30
Pil,Pil40,17,Pilct30
Pil,Pil27,25,Pilct30
Pil,Pil27,28,Pilct30
Pil,Pil40,31,Pilct30
Pil,Pil27,33,Pilct30
Pil,Pil32,33,Pilct30
Pil,Pil2,35,Pilct30
Pil,Pil27,37,Pilct30
Pil,Pil29,37,Pilct30
Pil,Pil38,40,Pilct30
Pil,Pil29,41,Pilct30
Pil,Pil27,42,Pilct30
Pil,Pil28,2,Pilct31
Pil,Pil8,7,Pilct31
Pil,Pil28,7,Pilct31
Pil,Pil8,10,Pilct31
Pil,Pil51,11,Pilct31
Pil,Pil21,12,Pilct31
Pil,Pil20,13,Pilct31
Pil,Pil19,16,Pilct31
Pil,Pil21,17,Pilct31
Pil,Pil28,17,Pilct31
Pil,Pil19,19,Pilct31
Pil,Pil21,24,Pilct31
Pil,Pil34,24,Pilct31
Pil,Pil19,29,Pilct31
Pil,Pil25,36,Pilct31
Pil,Pil20,38,Pilct31
Pil,Pil21,38,Pilct31
Pil,Pil25,1,Pilct32
Pil,Pil40,5,Pilct32
Pil,Pil21,7,Pilct32
Pil,Pil40,9,Pilct32
Pil,Pil8,13,Pilct32
Pil,Pil27,15,Pilct32
Pil,Pil14,17,Pilct32
Pil,Pil25,18,Pilct32
Pil,Pil28,18,Pilct32
Pil,Pil21,20,Pilct32
Pil,Pil31,21,Pilct32
Pil,Pil40,24,Pilct32
Pil,Pil21,30,Pilct32
Pil,Pil27,31,Pilct32
Pil,Pil28,32,Pilct32
Pil,Pil31,34,Pilct32
Pil,Pil20,35,Pilct32
Pil,Pil49,43,Pilct32
Pil,Pil21,45,Pilct32
Pil,Pil9,2,Pilct33
Pil,Pil38,2,Pilct33
Pil,Pil38,9,Pilct33
Pil,Pil25,21,Pilct33
Pil,Pil40,36,Pilct33
Pil,Pil28,42,Pilct33
Pil,Pil41,42,Pilct33
Pil,Pil23,44,Pilct33
Pil,Pil23,45,Pilct33
Pil,Pil33,9,Pilct34
Pil,Pil6,12,Pilct34
Pil,Pil27,13,Pilct34
Pil,Pil43,13,Pilct34
Pil,Pil27,15,Pilct34
Pil,Pil37,19,Pilct34
Pil,Pil37,24,Pilct34
Pil,Pil42,26,Pilct34
Pil,Pil21,28,Pilct34
Pil,Pil31,30,Pilct34
Pil,Pil37,38,Pilct34
Pil,Pil40,38,Pilct34
Pil,Pil27,41,Pilct34
Pil,Pil27,43,Pilct34
Pil,Pil41,2,Pilct35
Pil,Pil27,6,Pilct35
Pil,Pil40,6,Pilct35
Pil,Pil27,7,Pilct35
Pil,Pil41,7,Pilct35
Pil,Pil41,8,Pilct35
Pil,Pil41,9,Pilct35
Pil,Pil26,10,Pilct35
Pil,Pil41,11,Pilct35
Pil,Pil43,11,Pilct35
Pil,Pil41,12,Pilct35
Pil,Pil41,14,Pilct35
Pil,Pil33,16,Pilct35
Pil,Pil35,16,Pilct35
Pil,Pil24,17,Pilct35
Pil,Pil41,17,Pilct35
Pil,Pil41,18,Pilct35
Pil,Pil43,20,Pilct35
Pil,Pil41,22,Pilct35
Pil,Pil41,24,Pilct35
Pil,Pil41,26,Pilct35
Pil,Pil14,27,Pilct35
Pil,Pil41,28,Pilct35
Pil,Pil27,30,Pilct35
Pil,Pil41,30,Pilct35
Pil,Pil41,32,Pilct35
Pil,Pil41,34,Pilct35
Pil,Pil41,36,Pilct35
Pil,Pil41,41,Pilct35
Pil,Pil42,43,Pilct35
Pil,Pil41,44,Pilct35
Pil,Pil3,4,Pilct36
Pil,Pil43,5,Pilct36
Pil,Pil46,7,Pilct36
Pil,Pil44,10,Pilct36
Pil,Pil44,13,Pilct36
Pil,Pil28,14,Pilct36
Pil,Pil43,14,Pilct36
Pil,Pil46,15,Pilct36
Pil,Pil22,16,Pilct36
Pil,Pil43,16,Pilct36
Pil,Pil12,17,Pilct36
Pil,Pil43,17,Pilct36
Pil,Pil12,19,Pilct36
Pil,Pil22,19,Pilct36
Pil,Pil41,19,Pilct36
Pil,Pil41,20,Pilct36
Pil,Pil46,23,Pilct36
Pil,Pil44,26,Pilct36
Pil,Pil44,28,Pilct36
Pil,Pil25,29,Pilct36
Pil,Pil45,29,Pilct36
Pil,Pil46,34,Pilct36
Pil,Pil43,36,Pilct36
Pil,Pil35,37,Pilct36
Pil,Pil20,38,Pilct36
Pil,Pil25,38,Pilct36
Pil,Pil43,38,Pilct36
Pil,Pil48,38,Pilct36
Pil,Pil43,40,Pilct36
Pil,Pil44,40,Pilct36
Pil,Pil43,41,Pilct36
Pil,Pil43,42,Pilct36
Pil,Pil13,43,Pilct36
Pil,Pil46,43,Pilct36
Pil,Pil22,44,Pilct36
Pil,Pil43,1,Pilct37
Pil,Pil44,3,Pilct37
Pil,Pil43,5,Pilct37
Pil,Pil46,7,Pilct37
Pil,Pil41,12,Pilct37
Pil,Pil43,13,Pilct37
Pil,Pil43,17,Pilct37
Pil,Pil45,19,Pilct37
Pil,Pil46,19,Pilct37
Pil,Pil43,21,Pilct37
Pil,Pil43,24,Pilct37
Pil,Pil44,24,Pilct37
Pil,Pil41,25,Pilct37
Pil,Pil41,26,Pilct37
Pil,Pil43,27,Pilct37
Pil,Pil45,28,Pilct37
Pil,Pil41,31,Pilct37
Pil,Pil43,35,Pilct37
Pil,Pil43,36,Pilct37
Pil,Pil22,37,Pilct37
Pil,Pil46,40,Pilct37
Pil,Pil44,1,Pilct38
Pil,Pil14,4,Pilct38
Pil,Pil43,10,Pilct38
Pil,Pil44,13,Pilct38
Pil,Pil22,14,Pilct38
Pil,Pil43,30,Pilct38
Pil,Pil44,33,Pilct38
Pil,Pil46,33,Pilct38
Pil,Pil44,42,Pilct38
Pil,Pil45,45,Pilct38
Pil,Pil14,1,Pilct39
Pil,Pil31,1,Pilct39
Pil,Pil52,1,Pilct39
Pil,Pil14,2,Pilct39
Pil,Pil22,2,Pilct39
Pil,Pil20,3,Pilct39
Pil,Pil27,4,Pilct39
Pil,Pil42,4,Pilct39
Pil,Pil27,5,Pilct39
Pil,Pil41,5,Pilct39
Pil,Pil12,6,Pilct39
Pil,Pil21,7,Pilct39
Pil,Pil26,7,Pilct39
Pil,Pil41,7,Pilct39
Pil,Pil12,8,Pilct39
Pil,Pil23,8,Pilct39
Pil,Pil29,8,Pilct39
Pil,Pil23,10,Pilct39
Pil,Pil26,10,Pilct39
Pil,Pil23,12,Pilct39
Pil,Pil23,13,Pilct39
Pil,Pil27,13,Pilct39
Pil,Pil23,22,Pilct39
Pil,Pil40,22,Pilct39
Pil,Pil24,23,Pilct39
Pil,Pil31,23,Pilct39
Pil,Pil43,25,Pilct39
Pil,Pil23,26,Pilct39
Pil,Pil23,28,Pilct39
Pil,Pil14,29,Pilct39
Pil,Pil24,31,Pilct39
Pil,Pil31,31,Pilct39
Pil,Pil23,35,Pilct39
Pil,Pil47,36,Pilct39
Pil,Pil27,37,Pilct39
Pil,Pil52,41,Pilct39
Pil,Pil31,42,Pilct39
Pil,Pil52,42,Pilct39
Pil,Pil23,43,Pilct39
Pil,Pil41,2,Pilct40
Pil,Pil43,2,Pilct40
Pil,Pil53,6,Pilct40
Pil,Pil41,7,Pilct40
Pil,Pil24,9,Pilct40
Pil,Pil41,10,Pilct40
Pil,Pil25,11,Pilct40
Pil,Pil43,11,Pilct40
Pil,Pil23,14,Pilct40
Pil,Pil26,15,Pilct40
Pil,Pil41,15,Pilct40
Pil,Pil29,17,Pilct40
Pil,Pil41,17,Pilct40
Pil,Pil43,17,Pilct40
Pil,Pil41,21,Pilct40
Pil,Pil22,23,Pilct40
Pil,Pil41,25,Pilct40
Pil,Pil41,26,Pilct40
Pil,Pil14,27,Pilct40
Pil,Pil41,28,Pilct40
Pil,Pil41,32,Pilct40
Pil,Pil41,35,Pilct40
Pil,Pil50,36,Pilct40
Pil,Pil41,37,Pilct40
Pil,Pil41,40,Pilct40
Pil,Pil24,41,Pilct40
Pil,Pil41,41,Pilct40
Pil,Pil44,44,Pilct40
Son,Son5,35,Sonct2
Son,Son2,16,Sonct3
Son,Son6,22,Sonct3
Son,Son5,42,Sonct3
Son,Son7,43,Sonct3
Son,Son4,11,Sonct5
Son,Son4,12,Sonct5
Son,Son1,25,Sonct5
Son,Son6,15,Sonct9
Son,Son4,18,Sonct9
Son,Son1,33,Sonct9
Son,Son1,1,Sonct10
Son,Son2,5,Sonct10
Son,Son4,5,Sonct10
Son,Son3,10,Sonct10
Son,Son1,17,Sonct10
Son,Son1,21,Sonct10
Son,Son3,31,Sonct10
Son,Son4,5,Sonct11
Son,Son1,25,Sonct11
Son,Son4,11,Sonct12
Son,Son4,12,Sonct12
Son,Son2,20,Sonct12
Son,Son2,22,Sonct13
Son,Son3,44,Sonct13
Son,Son4,31,Sonct15
Son,Son2,5,Sonct16
Son,Son1,10,Sonct16
Son,Son3,28,Sonct16
Son,Son4,28,Sonct16
Son,Son4,29,Sonct16
Son,Son3,38,Sonct16
Son,Son1,5,Sonct17
Son,Son2,5,Sonct17
Son,Son4,6,Sonct17
Son,Son1,26,Sonct17
Son,Son2,43,Sonct17
Son,Son8,39,Sonct19
Son,Son2,16,Sonct23
Son,Son3,16,Sonct23
Son,Son1,33,Sonct23
Ven,Ven13,4,Venct2
Ven,Ven12,29,Venct2
Ven,Ven12,42,Venct4
Ven,Ven6,5,Venct6
Ven,Ven6,30,Venct6
Ven,Ven8,48,Venct7
Ven,Ven14,6,Venct8
Ven,Ven16,28,Venct8
Ven,Ven14,31,Venct10
Ven,Ven13,46,Venct10
Ven,Ven5,6,Venct11
Ven,Ven12,14,Venct11
Ven,Ven7,40,Venct11
Ven,Ven13,5,Venct12
Ven,Ven7,8,Venct13
Ven,Ven7,13,Venct13
Ven,Ven16,14,Venct13
Ven,Ven14,17,Venct13
Ven,Ven7,21,Venct13
Ven,Ven13,42,Venct13
Ven,Ven2,6,Venct14
Ven,Ven2,7,Venct14
Ven,Ven8,7,Venct14
Ven,Ven13,9,Venct14
Ven,Ven9,11,Venct14
Ven,Ven14,15,Venct15
Ven,Ven8,30,Venct15
Ven,Ven8,7,Venct16
Ven,Ven14,9,Venct16
Ven,Ven14,36,Venct16
Ven,Ven14,14,Venct17
Ven,Ven2,27,Venct17
Ven,Ven14,31,Venct17
Ven,Ven12,8,Venct18
Ven,Ven14,13,Venct18
Ven,Ven14,21,Venct18
Ven,Ven12,18,Venct19
Ven,Ven12,39,Venct19
Ven,Ven5,47,Venct19
Ven,Ven15,48,Venct19
Ven,Ven12,49,Venct19
Ven,Ven5,5,Venct20
Ven,Ven13,5,Venct20
Ven,Ven5,9,Venct20
Ven,Ven12,16,Venct20
Ven,Ven5,17,Venct20
Ven,Ven5,18,Venct20
Ven,Ven12,18,Venct20
Ven,Ven12,22,Venct20
Ven,Ven10,29,Venct20
Ven,Ven16,46,Venct21
Ven,Ven16,7,Venct22
Ven,Ven8,40,Venct22
Ven,Ven3,47,Venct23
Ven,Ven2,4,Venct24
Ven,Ven14,9,Venct24
Ven,Ven8,10,Venct24
Ven,Ven14,10,Venct24
Ven,Ven8,11,Venct24
Ven,Ven12,20,Venct24
Ven,Ven2,23,Venct24
Ven,Ven8,35,Venct24
Ven,Ven14,41,Venct24
Ven,Ven14,1,Venct25
Ven,Ven2,14,Venct25
Ven,Ven6,17,Venct25
Ven,Ven11,19,Venct25
Ven,Ven8,20,Venct25
Ven,Ven16,29,Venct25
Ven,Ven3,31,Venct25
Ven,Ven14,40,Venct25
Ven,Ven2,43,Venct25
Ven,Ven6,43,Venct25
Ven,Ven14,46,Venct25
Ven,Ven10,11,Venct26
Ven,Ven10,21,Venct26
Ven,Ven8,43,Venct26
Ven,Ven1,1,Venct27
Ven,Ven14,43,Venct27
Ven,Ven13,6,Venct28
Ven,Ven5,8,Venct28
Ven,Ven12,19,Venct28
Ven,Ven8,23,Venct28
Ven,Ven16,30,Venct28
Ven,Ven17,34,Venct28
Ven,Ven5,8,Venct29
Ven,Ven13,28,Venct29
Ven,Ven12,42,Venct29
Ven,Ven12,11,Venct30
Ven,Ven1,14,Venct30
Ven,Ven17,26,Venct30
Ven,Ven12,27,Venct30
Ven,Ven13,27,Venct30
Ven,Ven17,27,Venct30
Ven,Ven1,13,Venct31
Ven,Ven10,28,Venct31
Ven,Ven4,9,Venct32
Ven,Ven1,3,Venct33
Ven,Ven11,13,Venct33
Ven,Ven4,24,Venct33
Ven,Ven12,24,Venct33
Ven,Ven13,5,Venct35
Ven,Ven12,6,Venct35
Ven,Ven2,7,Venct35
Ven,Ven5,13,Venct35
Ven,Ven11,23,Venct35
Ven,Ven12,30,Venct35
Ven,Ven14,30,Venct35
Ven,Ven5,39,Venct35
Ven,Ven8,22,Venct36
Ven,Ven13,46,Venct36
Ven,Ven8,1,Venct37
Ven,Ven8,2,Venct37
Ven,Ven3,12,Venct37
Ven,Ven12,13,Venct37
Ven,Ven13,3,Venct38
Ven,Ven4,5,Venct38
Ven,Ven4,17,Venct38
Ven,Ven4,43,Venct38
Ven,Ven18,1,Venct39
Ven,Ven13,10,Venct39
Ven,Ven16,17,Venct39
Ven,Ven3,5,Venct40
Ven,Ven11,39,Venct40
Wel,Wel8,22,Welct2
Wel,Wel2,29,Welct3
Wel,Wel1,29,Welct5
Wel,Wel1,24,Welct6
Wel,Wel8,30,Welct6
Wel,Wel2,32,Welct6
Wel,Wel8,41,Welct6
Wel,Wel1,15,Welct7
Wel,Wel3,42,Welct7
Wel,Wel8,43,Welct7
Wel,Wel7,19,Welct12
Wel,Wel3,24,Welct12
Wel,Wel4,1,Welct13
Wel,Wel4,36,Welct13
Wel,Wel5,41,Welct13
Wel,Wel4,22,Welct14
Wel,Wel8,36,Welct15
Wel,Wel3,26,Welct17
Wel,Wel8,27,Welct17
Wel,Wel4,28,Welct17
Wel,Wel1,34,Welct17
Wel,Wel2,38,Welct17
Wel,Wel4,1,Welct19
Wel,Wel6,8,Welct19
Wel,Wel5,3,Welct20
Wel,Wel6,14,Welct20
Wel,Wel7,27,Welct20
Wel,Wel3,19,Welct21
Wel,Wel8,26,Welct23
Wel,Wel9,5,Welct24
Wel,Wel9,14,Welct24
Wel,Wel1,10,Welct25
Wel,Wel8,25,Welct28
Wel,Wel5,8,Welct31
Wel,Wel7,2,Welct33
Wel,Wel1,11,Welct37
Wel,Wel4,25,Welct39
Wel,Wel1,29,Welct39
Wel,Wel2,31,Welct39
Won,Won1,18,Wonct2
Won,Won2,28,Wonct3
Won,Won15,29,Wonct3
Won,Won14,11,Wonct5
Won,Won1,1,Wonct6
Won,Won3,29,Wonct6
Won,Won4,4,Wonct7
Won,Won2,8,Wonct7
Won,Won1,2,Wonct9
Won,Won4,4,Wonct9
Won,Won1,12,Wonct9
Won,Won5,25,Wonct9
Won,Won15,42,Wonct9
Won,Won5,1,Wonct10
Won,Won1,4,Wonct10
Won,Won15,29,Wonct10
Won,Won6,1,Wonct11
Won,Won1,3,Wonct11
Won,Won5,3,Wonct11
Won,Won2,3,Wonct12
Won,Won5,2,Wonct13
Won,Won2,29,Wonct13
Won,Won2,1,Wonct14
Won,Won3,10,Wonct14
Won,Won2,15,Wonct14
Won,Won7,3,Wonct15
Won,Won1,15,Wonct15
Won,Won7,14,Wonct16
Won,Won1,23,Wonct16
Won,Won5,9,Wonct18
Won,Won1,30,Wonct20
Won,Won8,31,Wonct21
Won,Won4,15,Wonct22
Won,Won8,18,Wonct22
Won,Won6,25,Wonct22
Won,Won6,13,Wonct24
Won,Won4,19,Wonct26
Won,Won2,25,Wonct27
Won,Won8,19,Wonct28
Won,Won6,5,Wonct29
Won,Won2,1,Wonct30
Won,Won5,9,Wonct30
Won,Won10,12,Wonct30
Won,Won9,18,Wonct30
Won,Won8,26,Wonct30
Won,Won7,37,Wonct30
Won,Won9,1,Wonct33
Won,Won5,3,Wonct33
Won,Won5,9,Wonct33
Won,Won5,12,Wonct33
Won,Won12,25,Wonct33
Won,Won10,26,Wonct33
Won,Won4,6,Wonct34
Won,Won4,12,Wonct34
Won,Won6,14,Wonct34
Won,Won10,17,Wonct34
Won,Won6,20,Wonct34
Won,Won10,26,Wonct34
Won,Won4,39,Wonct34
Won,Won11,41,Wonct34
Won,Won12,13,Wonct35
Won,Won6,28,Wonct35
Won,Won12,32,Wonct35
Won,Won13,26,Wonct36
Won,Won6,2,Wonct37
Zin,Zin1,2,Zinct1
Zin,Zin2,2,Zinct1
Zin,Zin20,6,Zinct1
Zin,Zin3,10,Zinct1
Zin,Zin1,19,Zinct1
Zin,Zin1,28,Zinct1
Zin,Zin17,19,Zinct2
Zin,Zin3,23,Zinct2
Zin,Zin3,7,Zinct3
Zin,Zin1,40,Zinct4
Zin,Zin3,4,Zinct5
Zin,Zin6,5,Zinct5
Zin,Zin4,7,Zinct5
Zin,Zin22,10,Zinct5
Zin,Zin21,28,Zinct5
Zin,Zin3,30,Zinct5
Zin,Zin5,32,Zinct5
Zin,Zin6,34,Zinct5
Zin,Zin6,36,Zinct5
Zin,Zin7,16,Zinct6
Zin,Zin3,12,Zinct7
Zin,Zin3,13,Zinct7
Zin,Zin9,17,Zinct7
Zin,Zin9,20,Zinct7
Zin,Zin13,22,Zinct7
Zin,Zin6,29,Zinct7
Zin,Zin10,33,Zinct7
Zin,Zin13,34,Zinct7
Zin,Zin8,36,Zinct7
Zin,Zin8,37,Zinct7
Zin,Zin2,42,Zinct7
Zin,Zin16,13,Zinct8
Zin,Zin11,4,Zinct10
Zin,Zin13,21,Zinct10
Zin,Zin8,30,Zinct10
Zin,Zin10,31,Zinct10
Zin,Zin15,1,Zinct11
Zin,Zin14,1,Zinct11
Zin,Zin9,2,Zinct11
Zin,Zin12,2,Zinct11
Zin,Zin12,3,Zinct11
Zin,Zin11,6,Zinct11
Zin,Zin10,10,Zinct11
Zin,Zin16,10,Zinct11
Zin,Zin2,12,Zinct11
Zin,Zin13,21,Zinct11
Zin,Zin19,1,Zinct12
Zin,Zin6,4,Zinct12
Zin,Zin13,8,Zinct12
Zin,Zin3,20,Zinct12
Zin,Zin10,28,Zinct12
Zin,Zin9,32,Zinct12
Zin,Zin3,34,Zinct12
Zin,Zin9,42,Zinct12
Zin,Zin13,2,Zinct13
Zin,Zin6,7,Zinct13
Zin,Zin13,12,Zinct13
Zin,Zin15,17,Zinct14
Zin,Zin19,27,Zinct14
Zin,Zin10,3,Zinct15
Zin,Zin12,6,Zinct15
Zin,Zin16,9,Zinct15
Zin,Zin17,37,Zinct15
Zin,Zin9,2,Zinct16
Zin,Zin13,9,Zinct16
Zin,Zin17,12,Zinct16
Zin,Zin7,12,Zinct16
Zin,Zin2,15,Zinct16
Zin,Zin12,30,Zinct16
Zin,Zin2,4,Zinct17
Zin,Zin2,10,Zinct17
Zin,Zin11,28,Zinct18
Zin,Zin17,11,Zinct19
Zin,Zin6,3,Zinct20
Zin,Zin1,9,Zinct20
Zin,Zin18,23,Zinct20
Zin,Zin10,23,Zinct20
Zin,Zin23,31,Zinct20
Zin,Zin16,34,Zinct20
Zin,Zin17,41,Zinct21
Zin,Zin13,9,Zinct22
Zin,Zin17,10,Zinct22
Zin,Zin13,31,Zinct22
Zin,Zin16,3,Zinct24
Zin,Zin13,18,Zinct24
Zin,Zin20,27,Zinct24
Zin,Zin24,5,Zinct25
Zin,Zin2,9,Zinct25
Zin,Zin9,11,Zinct25
Zin,Zin9,12,Zinct25
Zin,Zin13,29,Zinct25
Zin,Zin12,15,Zinct26
Zin,Zin23,1,Zinct27
Zin,Zin16,15,Zinct27
Zin,Zin12,27,Zinct27
Zin,Zin16,31,Zinct27
Zin,Zin7,6,Zinct28
Zin,Zin6,11,Zinct28
Zin,Zin5,13,Zinct28
Zin,Zin10,21,Zinct28
Zin,Zin6,21,Zinct28
Zin,Zin21,24,Zinct28
Zin,Zin13,30,Zinct28
Zin,Zin16,30,Zinct28
Zin,Zin23,31,Zinct28
Zin,Zin1,3,Zinct29
Zin,Zin1,7,Zinct29
Zin,Zin12,9,Zinct29
Zin,Zin12,16,Zinct29
Zin,Zin19,33,Zinct29
Zin,Zin8,1,Zinct30
Zin,Zin10,2,Zinct30
Zin,Zin6,2,Zinct30
Zin,Zin9,2,Zinct30
Zin,Zin3,3,Zinct30
Zin,Zin10,3,Zinct30
Zin,Zin6,4,Zinct30
Zin,Zin13,9,Zinct30
Zin,Zin13,11,Zinct30
Zin,Zin10,12,Zinct30
Zin,Zin13,17,Zinct30
Zin,Zin11,19,Zinct30
Zin,Zin11,27,Zinct30
Zin,Zin2,3,Zinct31
Zin,Zin1,23,Zinct31
Zin,Zin1,20,Zinct32
Zin,Zin13,32,Zinct32
Zin,Zin21,7,Zinct33
Zin,Zin6,24,Zinct33
Zin,Zin2,27,Zinct33
Zin,Zin25,36,Zinct33
Zin,Zin10,2,Zinct34
Zin,Zin6,4,Zinct34
Zin,Zin16,6,Zinct34
Zin,Zin16,10,Zinct34
Zin,Zin16,12,Zinct34
Zin,Zin13,17,Zinct34
Zin,Zin1,21,Zinct34
Zin,Zin16,25,Zinct34
Zin,Zin17,44,Zinct34
Zin,Zin6,3,Zinct35
Zin,Zin6,4,Zinct35
Zin,Zin9,4,Zinct35
Zin,Zin12,17,Zinct35
Zin,Zin16,20,Zinct35
Zin,Zin11,21,Zinct35
Zin,Zin4,26,Zinct35
Zin,Zin10,3,Zinct36
Zin,Zin12,5,Zinct36
Zin,Zin12,2,Zinct37
Zin,Zin16,4,Zinct37
Zin,Zin13,7,Zinct37
Zin,Zin19,28,Zinct37
Zin,Zin19,36,Zinct37
Zin,Zin9,19,Zinct39
Zin,Zin11,1,Zinct40
Zin,Zin13,1,Zinct40
Zin,Zin16,14,Zinct40
Zin,Zin19,21,Zinct40
Zin,Zin6,24,Zinct40
Zin,Zin11,27,Zinct40
Zin,Zin1,27,Zinct40
Zin,Zin6,39,Zinct40
